constituency_id,constituency_name,prs_size,wage_to_house_price,uc_housing,housing_perc_on_uc,total_hb_incl_social,majority,,
E14000530,Aldershot,0.17,9,835,0.20,4160,11473,E14000530,Aldershot
E14000531,Aldridge-Brownhills,0.08,6.7,844,0.28,3031,14307,E14000531,Aldridge-Brownhills
E14000532,Altrincham and Sale West,0.12,8,1316,0.46,2884,6426,E14000532,Altrincham and Sale West
E14000533,Amber Valley,0.11,5.5,1409,0.32,4373,8300,E14000533,Amber Valley
E14000534,Arundel and South Downs,0.11,12.2,651,0.27,2379,23883,E14000534,Arundel and South Downs
E14000535,Ashfield,0.13,5.5,1282,0.23,5588,441,E14000535,Ashfield
E14000536,Ashford,0.15,8.9,1751,0.32,5425,17478,E14000536,Ashford
E14000537,Ashton-Under-Lyne,0.15,5.4,3001,0.42,7170,11295,E14000537,Ashton-Under-Lyne
E14000538,Aylesbury,0.15,9.7,991,0.23,4387,14656,E14000538,Aylesbury
E14000539,Banbury,0.17,9.5,1915,0.40,4763,12399,E14000539,Banbury
E14000540,Barking,0.19,10.1,3037,0.26,11568,21608,E14000540,Barking
E14000541,Barnsley Central,0.14,4.9,2638,0.45,5911,15546,E14000541,Barnsley Central
E14000542,Barnsley East,0.12,4.5,2814,0.45,6201,13283,E14000542,Barnsley East
E14000543,Barrow and Furness,0.14,4.3,1045,0.24,4286,209,E14000543,Barrow and Furness
E14000544,Basildon and Billericay,0.10,10.3,1995,0.39,5075,13400,E14000544,Basildon and Billericay
E14000545,Basingstoke,0.12,8.8,1696,0.33,5104,9466,E14000545,Basingstoke
E14000546,Bassetlaw,0.13,5.3,2062,0.42,4860,4852,E14000546,Bassetlaw
E14000547,Bath,0.23,11.3,2141,0.51,4233,5694,E14000547,Bath
E14000548,Batley and Spen,0.14,5,2610,0.43,6043,8961,E14000548,Batley and Spen
E14000549,Battersea,0.32,16.7,1505,0.24,6325,2416,E14000549,Battersea
E14000550,Beaconsfield,0.12,12.9,564,0.24,2342,24543,E14000550,Beaconsfield
E14000551,Beckenham,0.14,12,609,0.27,2295,15087,E14000551,Beckenham
E14000552,Bedford,0.19,8.9,3184,0.47,6782,789,E14000552,Bedford
E14000553,Bermondsey and Old Southwark,0.28,15.4,6093,0.51,11967,12972,E14000553,Bermondsey and Old Southwark
E14000554,Berwick-Upon-Tweed,0.17,6.8,687,0.25,2804,11781,E14000554,Berwick-Upon-Tweed
E14000555,Bethnal Green and Bow,0.31,14.3,3531,0.27,13248,35393,E14000555,Bethnal Green and Bow
E14000556,Beverley and Holderness,0.13,5.4,833,0.29,2850,14042,E14000556,Beverley and Holderness
E14000557,Bexhill and Battle,0.14,10.1,1664,0.44,3743,22165,E14000557,Bexhill and Battle
E14000558,Bexleyheath and Crayford,0.10,9.7,810,0.19,4197,9073,E14000558,Bexleyheath and Crayford
E14000559,Birkenhead,0.20,4.5,4006,0.39,10366,25514,E14000559,Birkenhead
E14000560,"Birmingham, Edgbaston",0.20,7.5,2535,0.32,8017,6917,E14000560,"Birmingham, Edgbaston"
E14000561,"Birmingham, Erdington",0.17,6.4,3252,0.29,11217,7285,E14000561,"Birmingham, Erdington"
E14000562,"Birmingham, Hall Green",0.22,6.9,2499,0.28,8807,33944,E14000562,"Birmingham, Hall Green"
E14000563,"Birmingham, Hodge Hill",0.15,5.9,3258,0.29,11097,31026,E14000563,"Birmingham, Hodge Hill"
E14000564,"Birmingham, Ladywood",0.30,6.7,4754,0.29,16639,28714,E14000564,"Birmingham, Ladywood"
E14000565,"Birmingham, Northfield",0.10,6.1,3174,0.33,9529,4667,E14000565,"Birmingham, Northfield"
E14000566,"Birmingham, Perry Barr",0.18,6.2,2578,0.28,9289,18383,E14000566,"Birmingham, Perry Barr"
E14000567,"Birmingham, Selly Oak",0.19,6.3,2141,0.30,7175,15207,E14000567,"Birmingham, Selly Oak"
E14000568,"Birmingham, Yardley",0.16,6.5,2769,0.30,9083,16574,E14000568,"Birmingham, Yardley"
E14000569,Bishop Auckland,0.14,4.6,2468,0.40,6152,502,E14000569,Bishop Auckland
E14000570,Blackburn,0.15,4.6,3441,0.42,8110,20368,E14000570,Blackburn
E14000571,Blackley and Broughton,0.24,5.3,3894,0.28,13754,19601,E14000571,Blackley and Broughton
E14000572,Blackpool North and Cleveleys,0.20,5,1941,0.28,7027,2023,E14000572,Blackpool North and Cleveleys
E14000573,Blackpool South,0.29,4.6,2871,0.31,9326,2523,E14000573,Blackpool South
E14000574,Blaydon,0.09,5.4,2060,0.45,4600,13477,E14000574,Blaydon
E14000575,Blyth Valley,0.10,5.2,1329,0.25,5331,7915,E14000575,Blyth Valley
E14000576,Bognor Regis and Littlehampton,0.18,11.2,1550,0.29,5353,17494,E14000576,Bognor Regis and Littlehampton
E14000577,Bolsover,0.12,5.1,1500,0.32,4647,5288,E14000577,Bolsover
E14000578,Bolton North East,0.15,5.4,2138,0.29,7363,3797,E14000578,Bolton North East
E14000579,Bolton South East,0.15,4.6,2201,0.28,7802,13126,E14000579,Bolton South East
E14000580,Bolton West,0.11,5.2,1467,0.34,4334,936,E14000580,Bolton West
E14000581,Bootle,0.14,4.7,4518,0.43,10437,36200,E14000581,Bootle
E14000582,Boston and Skegness,0.18,6.7,2067,0.34,6056,16572,E14000582,Boston and Skegness
E14000583,Bosworth,0.12,6.7,1803,0.54,3368,18351,E14000583,Bosworth
E14000584,Bournemouth East,0.31,9.1,2823,0.38,7360,7937,E14000584,Bournemouth East
E14000585,Bournemouth West,0.27,9.1,2391,0.38,6260,7711,E14000585,Bournemouth West
E14000586,Bracknell,0.11,8.9,1173,0.32,3689,16016,E14000586,Bracknell
E14000587,Bradford East,0.20,4.4,2722,0.31,8744,20540,E14000587,Bradford East
E14000588,Bradford South,0.17,4.5,2373,0.32,7461,6700,E14000588,Bradford South
E14000589,Bradford West,0.24,4.2,2576,0.33,7696,21902,E14000589,Bradford West
E14000590,Braintree,0.14,9.6,1570,0.41,3791,18422,E14000590,Braintree
E14000591,Brent Central,0.32,15.2,2468,0.14,17082,27997,E14000591,Brent Central
E14000592,Brent North,0.27,15.3,1137,0.14,8055,17061,E14000592,Brent North
E14000593,Brentford and Isleworth,0.27,13.1,4444,0.50,8815,12182,E14000593,Brentford and Isleworth
E14000594,Brentwood and Ongar,0.11,10.6,992,0.37,2698,24002,E14000594,Brentwood and Ongar
E14000595,Bridgwater and West Somerset,0.15,7.5,3554,0.60,5970,15448,E14000595,Bridgwater and West Somerset
E14000596,Brigg and Goole,0.14,5.2,1408,0.43,3283,12363,E14000596,Brigg and Goole
E14000597,"Brighton, Kemptown",0.22,10.1,1974,0.28,7083,9868,E14000597,"Brighton, Kemptown"
E14000598,"Brighton, Pavilion",0.33,11.8,1810,0.30,6130,14699,E14000598,"Brighton, Pavilion"
E14000599,Bristol East,0.20,8.1,1366,0.22,6153,13394,E14000599,Bristol East
E14000600,Bristol North West,0.14,9.8,1290,0.22,5923,4761,E14000600,Bristol North West
E14000601,Bristol South,0.17,8.4,1890,0.24,8009,15987,E14000601,Bristol South
E14000602,Bristol West,0.40,8.8,1898,0.23,8199,37336,E14000602,Bristol West
E14000603,Broadland,0.12,8.8,685,0.25,2789,15816,E14000603,Broadland
E14000604,Bromley and Chislehurst,0.13,10.5,1012,0.23,4469,9590,E14000604,Bromley and Chislehurst
E14000605,Bromsgrove,0.09,8,853,0.32,2701,16573,E14000605,Bromsgrove
E14000606,Broxbourne,0.11,10.9,1468,0.30,4878,15792,E14000606,Broxbourne
E14000607,Broxtowe,0.15,5.7,758,0.25,3048,863,E14000607,Broxtowe
E14000608,Buckingham,0.11,10.8,482,0.22,2235,25725,E14000608,Buckingham
E14000609,Burnley,0.19,3.3,3552,0.51,6972,6353,E14000609,Burnley
E14000610,Burton,0.16,6.3,1093,0.25,4343,10047,E14000610,Burton
E14000611,Bury North,0.13,5.2,1677,0.36,4602,4375,E14000611,Bury North
E14000612,Bury South,0.14,6,1768,0.33,5322,5965,E14000612,Bury South
E14000613,Bury St Edmunds,0.14,9.1,1483,0.38,3864,18441,E14000613,Bury St Edmunds
E14000614,Calder Valley,0.15,5.4,2448,0.49,5018,609,E14000614,Calder Valley
E14000615,Camberwell and Peckham,0.19,15.4,5791,0.46,12517,37316,E14000615,Camberwell and Peckham
E14000616,Camborne and Redruth,0.16,7.8,1545,0.28,5539,1577,E14000616,Camborne and Redruth
E14000617,Cambridge,0.27,13,955,0.19,5061,12661,E14000617,Cambridge
E14000618,Cannock Chase,0.12,5.9,1094,0.25,4376,8391,E14000618,Cannock Chase
E14000619,Canterbury,0.21,9.5,1315,0.28,4692,187,E14000619,Canterbury
E14000620,Carlisle,0.15,5.1,1658,0.36,4654,2599,E14000620,Carlisle
E14000621,Carshalton and Wallington,0.13,10.7,3253,0.55,5911,1369,E14000621,Carshalton and Wallington
E14000622,Castle Point,0.11,9.5,778,0.28,2816,18872,E14000622,Castle Point
E14000623,Central Devon,0.15,9.4,785,0.26,3023,15680,E14000623,Central Devon
E14000624,Central Suffolk and North Ipswich,0.11,8.1,847,0.32,2685,17185,E14000624,Central Suffolk and North Ipswich
E14000625,Charnwood,0.10,7.7,749,0.33,2278,16341,E14000625,Charnwood
E14000626,Chatham and Aylesford,0.15,8,1481,0.25,5835,10458,E14000626,Chatham and Aylesford
E14000627,Cheadle,0.09,8.3,430,0.24,1803,4507,E14000627,Cheadle
E14000628,Chelmsford,0.13,9.6,818,0.19,4411,13572,E14000628,Chelmsford
E14000629,Chelsea and Fulham,0.33,22,2159,0.39,5587,8188,E14000629,Chelsea and Fulham
E14000630,Cheltenham,0.22,8.5,1783,0.38,4644,2569,E14000630,Cheltenham
E14000631,Chesham and Amersham,0.09,15.6,550,0.24,2287,22140,E14000631,Chesham and Amersham
E14000632,Chesterfield,0.13,5.8,2172,0.37,5862,9605,E14000632,Chesterfield
E14000633,Chichester,0.15,10.6,1142,0.28,4051,22621,E14000633,Chichester
E14000634,Chingford and Woodford Green,0.14,11.4,986,0.23,4214,2438,E14000634,Chingford and Woodford Green
E14000635,Chippenham,0.12,9,1722,0.46,3776,16630,E14000635,Chippenham
E14000636,Chipping Barnet,0.19,13.4,1405,0.24,5945,353,E14000636,Chipping Barnet
E14000637,Chorley,0.10,5.1,1571,0.36,4342,7512,E14000637,Chorley
E14000638,Christchurch,0.09,10.5,938,0.35,2644,25171,E14000638,Christchurch
E14000639,Cities Of London and Westminster,0.42,27.5,1147,0.18,6292,3148,E14000639,Cities Of London and Westminster
E14000640,City Of Chester,0.18,6.8,2238,0.47,4765,9176,E14000640,City Of Chester
E14000641,City Of Durham,0.15,4.6,1414,0.33,4345,12364,E14000641,City Of Durham
E14000642,Clacton,0.17,9.2,1814,0.29,6264,15828,E14000642,Clacton
E14000643,Cleethorpes,0.16,4.9,1765,0.44,4006,10400,E14000643,Cleethorpes
E14000644,Colchester,0.23,8.3,1779,0.26,6774,5677,E14000644,Colchester
E14000645,Colne Valley,0.15,5.8,1926,0.41,4753,915,E14000645,Colne Valley
E14000646,Congleton,0.10,6.9,1240,0.42,2987,12619,E14000646,Congleton
E14000647,Copeland,0.09,4.1,1911,0.50,3860,1695,E14000647,Copeland
E14000648,Corby,0.14,7.4,2690,0.50,5354,2690,E14000648,Corby
E14000649,Coventry North East,0.21,6.8,2439,0.27,9139,15580,E14000649,Coventry North East
E14000650,Coventry North West,0.20,6.3,1539,0.28,5482,8580,E14000650,Coventry North West
E14000651,Coventry South,0.21,6.5,1603,0.26,6155,7947,E14000651,Coventry South
E14000652,Crawley,0.15,10,1835,0.28,6512,2457,E14000652,Crawley
E14000653,Crewe and Nantwich,0.15,6.3,2727,0.53,5159,48,E14000653,Crewe and Nantwich
E14000654,Croydon Central,0.20,10.5,5171,0.50,10284,5652,E14000654,Croydon Central
E14000655,Croydon North,0.27,10.9,6716,0.46,14706,32365,E14000655,Croydon North
E14000656,Croydon South,0.15,11.4,2874,0.53,5472,11406,E14000656,Croydon South
E14000657,Dagenham and Rainham,0.14,11,1881,0.25,7540,4652,E14000657,Dagenham and Rainham
E14000658,Darlington,0.19,4.9,2379,0.37,6501,3280,E14000658,Darlington
E14000659,Dartford,0.15,9,1306,0.29,4538,13186,E14000659,Dartford
E14000660,Daventry,0.12,9,1634,0.57,2887,21734,E14000660,Daventry
E14000661,Denton and Reddish,0.13,5.6,1996,0.39,5177,14077,E14000661,Denton and Reddish
E14000662,Derby North,0.18,5.2,1672,0.29,5712,2015,E14000662,Derby North
E14000663,Derby South,0.19,4.9,2430,0.28,8692,11248,E14000663,Derby South
E14000664,Derbyshire Dales,0.13,8.9,513,0.26,1996,14327,E14000664,Derbyshire Dales
E14000665,Devizes,0.19,10,1419,0.46,3103,21136,E14000665,Devizes
E14000666,Dewsbury,0.13,5.8,2369,0.41,5719,3321,E14000666,Dewsbury
E14000667,Don Valley,0.12,4.8,2106,0.43,4941,5169,E14000667,Don Valley
E14000668,Doncaster Central,0.18,5,3235,0.45,7184,10131,E14000668,Doncaster Central
E14000669,Doncaster North,0.14,4.3,2992,0.46,6564,14024,E14000669,Doncaster North
E14000670,Dover,0.17,7.6,2960,0.49,6004,6437,E14000670,Dover
E14000671,Dudley North,0.09,5.2,2502,0.44,5675,22,E14000671,Dudley North
E14000672,Dudley South,0.09,5.5,2046,0.46,4406,7730,E14000672,Dudley South
E14000673,Dulwich and West Norwood,0.24,13.8,3053,0.33,9238,28156,E14000673,Dulwich and West Norwood
E14000674,Ealing Central and Acton,0.34,16.4,2646,0.30,8949,13807,E14000674,Ealing Central and Acton
E14000675,Ealing North,0.22,13.7,2243,0.24,9339,19693,E14000675,Ealing North
E14000676,"Ealing, Southall",0.24,13.6,1877,0.25,7469,22090,E14000676,"Ealing, Southall"
E14000677,Easington,0.12,3.1,3298,0.45,7255,14892,E14000677,Easington
E14000678,East Devon,0.14,9.5,842,0.23,3600,8036,E14000678,East Devon
E14000679,East Ham,0.35,12.5,2327,0.17,13451,39883,E14000679,East Ham
E14000680,East Hampshire,0.13,11.2,538,0.23,2389,25852,E14000680,East Hampshire
E14000681,East Surrey,0.12,10.8,1042,0.29,3586,23914,E14000681,East Surrey
E14000682,East Worthing and Shoreham,0.14,10.6,1024,0.26,3901,5106,E14000682,East Worthing and Shoreham
E14000683,East Yorkshire,0.17,6.2,1543,0.36,4336,15006,E14000683,East Yorkshire
E14000684,Eastbourne,0.22,8.9,2692,0.38,7161,1609,E14000684,Eastbourne
E14000685,Eastleigh,0.13,9.3,1896,0.49,3891,14179,E14000685,Eastleigh
E14000686,Eddisbury,0.11,7.4,1624,0.47,3439,11942,E14000686,Eddisbury
E14000687,Edmonton,0.24,12.3,3670,0.24,15192,21115,E14000687,Edmonton
E14000688,Ellesmere Port and Neston,0.09,5.4,2126,0.46,4666,11390,E14000688,Ellesmere Port and Neston
E14000689,Elmet and Rothwell,0.09,6.9,477,0.18,2606,9805,E14000689,Elmet and Rothwell
E14000690,Eltham,0.12,11,969,0.18,5477,6296,E14000690,Eltham
E14000691,Enfield North,0.19,11.5,2851,0.25,11381,10247,E14000691,Enfield North
E14000692,"Enfield, Southgate",0.24,14.3,1556,0.26,5952,4355,E14000692,"Enfield, Southgate"
E14000693,Epping Forest,0.11,12.1,667,0.19,3537,18243,E14000693,Epping Forest
E14000694,Epsom and Ewell,0.11,13.2,579,0.20,2931,20475,E14000694,Epsom and Ewell
E14000695,Erewash,0.14,5.4,2463,0.48,5158,4534,E14000695,Erewash
E14000696,Erith and Thamesmead,0.18,10.6,1796,0.20,9166,10014,E14000696,Erith and Thamesmead
E14000697,Esher and Walton,0.14,13.7,482,0.15,3293,23298,E14000697,Esher and Walton
E14000698,Exeter,0.22,8.4,1236,0.22,5600,16117,E14000698,Exeter
E14000699,Fareham,0.10,8.1,494,0.20,2459,21555,E14000699,Fareham
E14000700,Faversham and Mid Kent,0.10,11,999,0.26,3797,17413,E14000700,Faversham and Mid Kent
E14000701,Feltham and Heston,0.20,12,5324,0.55,9732,15603,E14000701,Feltham and Heston
E14000702,Filton and Bradley Stoke,0.17,8.2,934,0.27,3398,4190,E14000702,Filton and Bradley Stoke
E14000703,Finchley and Golders Green,0.32,16.4,2006,0.24,8416,1657,E14000703,Finchley and Golders Green
E14000704,Folkestone and Hythe,0.22,8.9,1757,0.29,6073,15411,E14000704,Folkestone and Hythe
E14000705,Forest Of Dean,0.11,7.9,1354,0.41,3300,9502,E14000705,Forest Of Dean
E14000706,Fylde,0.17,6.1,890,0.28,3174,11805,E14000706,Fylde
E14000707,Gainsborough,0.14,6.1,1338,0.32,4186,17023,E14000707,Gainsborough
E14000708,Garston and Halewood,0.11,5.8,1938,0.27,7049,32149,E14000708,Garston and Halewood
E14000709,Gateshead,0.16,5,3898,0.45,8682,17350,E14000709,Gateshead
E14000710,Gedling,0.14,5.9,822,0.20,4069,4694,E14000710,Gedling
E14000711,Gillingham and Rainham,0.18,7.9,1423,0.28,5117,9430,E14000711,Gillingham and Rainham
E14000712,Gloucester,0.18,6.7,2260,0.33,6869,5520,E14000712,Gloucester
E14000713,Gosport,0.15,7.3,904,0.21,4289,17211,E14000713,Gosport
E14000714,Grantham and Stamford,0.16,7.4,2118,0.47,4484,20094,E14000714,Grantham and Stamford
E14000715,Gravesham,0.16,9.2,1599,0.31,5204,9347,E14000715,Gravesham
E14000716,Great Grimsby,0.20,4.9,3513,0.46,7643,2565,E14000716,Great Grimsby
E14000717,Great Yarmouth,0.16,7,4793,0.62,7767,7973,E14000717,Great Yarmouth
E14000718,Greenwich and Woolwich,0.25,12.9,1955,0.19,10099,20714,E14000718,Greenwich and Woolwich
E14000719,Guildford,0.17,11.2,515,0.17,3107,17040,E14000719,Guildford
E14000720,Hackney North and Stoke Newington,0.32,14.6,2135,0.13,16216,35139,E14000720,Hackney North and Stoke Newington
E14000721,Hackney South and Shoreditch,0.25,15.8,2056,0.15,14124,37931,E14000721,Hackney South and Shoreditch
E14000722,Halesowen and Rowley Regis,0.10,6.2,1916,0.43,4495,5253,E14000722,Halesowen and Rowley Regis
E14000723,Halifax,0.18,4.6,3977,0.52,7650,5376,E14000723,Halifax
E14000724,Haltemprice and Howden,0.10,5.4,430,0.28,1509,15405,E14000724,Haltemprice and Howden
E14000725,Halton,0.11,4.9,4405,0.59,7465,25405,E14000725,Halton
E14000726,Hammersmith,0.32,16.8,4537,0.42,10683,18651,E14000726,Hammersmith
E14000727,Hampstead and Kilburn,0.36,17.1,1405,0.15,9611,15560,E14000727,Hampstead and Kilburn
E14000728,Harborough,0.11,8.2,1135,0.40,2813,12429,E14000728,Harborough
E14000729,Harlow,0.11,10.1,2528,0.42,6046,7031,E14000729,Harlow
E14000730,Harrogate and Knaresborough,0.18,7.9,2118,0.58,3667,18168,E14000730,Harrogate and Knaresborough
E14000731,Harrow East,0.20,15.3,1022,0.19,5341,1757,E14000731,Harrow East
E14000732,Harrow West,0.26,12,1328,0.21,6437,13314,E14000732,Harrow West
E14000733,Hartlepool,0.15,4.4,5229,0.58,9006,7650,E14000733,Hartlepool
E14000734,Harwich and North Essex,0.13,8.5,949,0.29,3225,14356,E14000734,Harwich and North Essex
E14000735,Hastings and Rye,0.26,9.1,4133,0.48,8688,346,E14000735,Hastings and Rye
E14000736,Havant,0.10,8.3,858,0.17,4942,15956,E14000736,Havant
E14000737,Hayes and Harlington,0.21,13,1542,0.17,8853,18115,E14000737,Hayes and Harlington
E14000738,Hazel Grove,0.09,6.8,722,0.25,2849,5514,E14000738,Hazel Grove
E14000739,Hemel Hempstead,0.12,10.9,1083,0.20,5550,9445,E14000739,Hemel Hempstead
E14000740,Hemsworth,0.11,5.6,1081,0.19,5606,10174,E14000740,Hemsworth
E14000741,Hendon,0.25,14.5,2484,0.24,10276,1072,E14000741,Hendon
E14000742,Henley,0.13,11.7,791,0.39,2028,22294,E14000742,Henley
E14000743,Hereford and South Herefordshire,0.16,7.8,1300,0.30,4344,15013,E14000743,Hereford and South Herefordshire
E14000744,Hertford and Stortford,0.14,10.3,841,0.25,3423,19035,E14000744,Hertford and Stortford
E14000745,Hertsmere,0.13,12.7,1107,0.24,4548,16951,E14000745,Hertsmere
E14000746,Hexham,0.14,7.8,430,0.21,2004,9236,E14000746,Hexham
E14000747,Heywood and Middleton,0.12,5.5,2826,0.40,7123,7617,E14000747,Heywood and Middleton
E14000748,High Peak,0.13,6.7,875,0.24,3580,2322,E14000748,High Peak
E14000749,Hitchin and Harpenden,0.13,10.2,708,0.28,2559,12031,E14000749,Hitchin and Harpenden
E14000750,Holborn and St Pancras,0.28,20.4,1779,0.14,12367,30509,E14000750,Holborn and St Pancras
E14000751,Hornchurch and Upminster,0.09,11.4,1175,0.25,4708,17723,E14000751,Hornchurch and Upminster
E14000752,Hornsey and Wood Green,0.32,14.6,1634,0.18,8961,30738,E14000752,Hornsey and Wood Green
E14000753,Horsham,0.12,10.9,945,0.31,3027,23484,E14000753,Horsham
E14000754,Houghton and Sunderland South,0.08,5,2118,0.32,6631,12341,E14000754,Houghton and Sunderland South
E14000755,Hove,0.30,10.7,2057,0.32,6400,18757,E14000755,Hove
E14000756,Huddersfield,0.20,5.2,3010,0.41,7408,12005,E14000756,Huddersfield
E14000757,Huntingdon,0.15,9,781,0.22,3565,14475,E14000757,Huntingdon
E14000758,Hyndburn,0.18,4.2,2676,0.44,6071,5815,E14000758,Hyndburn
E14000759,Ilford North,0.16,13.7,984,0.19,5091,9639,E14000759,Ilford North
E14000760,Ilford South,0.30,11.5,1962,0.20,9867,31647,E14000760,Ilford South
E14000761,Ipswich,0.22,7.2,2492,0.33,7665,831,E14000761,Ipswich
E14000762,Isle Of Wight,0.17,8,1953,0.27,7344,21069,E14000762,Isle Of Wight
E14000763,Islington North,0.27,14,2258,0.20,11174,33215,E14000763,Islington North
E14000764,Islington South and Finsbury,0.27,15,2160,0.20,10540,20263,E14000764,Islington South and Finsbury
E14000765,Jarrow,0.08,5.7,2146,0.36,5892,17263,E14000765,Jarrow
E14000766,Keighley,0.16,5.9,1479,0.34,4301,239,E14000766,Keighley
E14000767,Kenilworth and Southam,0.11,9.1,580,0.35,1658,18076,E14000767,Kenilworth and Southam
E14000768,Kensington,0.36,31.1,1585,0.20,8094,20,E14000768,Kensington
E14000769,Kettering,0.15,7.2,1225,0.29,4225,10562,E14000769,Kettering
E14000770,Kingston and Surbiton,0.22,12,1297,0.23,5647,4124,E14000770,Kingston and Surbiton
E14000771,Kingston upon Hull East,0.15,4.8,1450,0.20,7211,10396,E14000771,Kingston upon Hull East
E14000772,Kingston upon Hull North,0.23,5,1585,0.21,7377,14322,E14000772,Kingston upon Hull North
E14000773,Kingston upon Hull West and Hessle,0.23,4.4,1845,0.22,8302,8025,E14000773,Kingston upon Hull West and Hessle
E14000774,Kingswood,0.12,8.8,597,0.20,2935,7500,E14000774,Kingswood
E14000775,Knowsley,0.10,4.7,3461,0.35,9945,42214,E14000775,Knowsley
E14000776,Lancaster and Fleetwood,0.20,5,1785,0.38,4669,6661,E14000776,Lancaster and Fleetwood
E14000777,Leeds Central,0.32,5.1,3493,0.24,14520,23698,E14000777,Leeds Central
E14000778,Leeds East,0.13,6.3,2036,0.23,9003,12752,E14000778,Leeds East
E14000779,Leeds North East,0.16,7.4,909,0.20,4513,16991,E14000779,Leeds North East
E14000780,Leeds North West,0.23,7.4,623,0.23,2748,4224,E14000780,Leeds North West
E14000781,Leeds West,0.18,5,1986,0.24,8129,15965,E14000781,Leeds West
E14000782,Leicester East,0.18,8.7,1570,0.25,6384,22428,E14000782,Leicester East
E14000783,Leicester South,0.28,7,2149,0.27,7904,26261,E14000783,Leicester South
E14000784,Leicester West,0.22,5.9,2492,0.29,8573,11060,E14000784,Leicester West
E14000785,Leigh,0.13,5.3,2667,0.45,5905,9554,E14000785,Leigh
E14000786,Lewes,0.14,9.9,894,0.24,3737,5508,E14000786,Lewes
E14000787,Lewisham East,0.29,12.1,2133,0.23,9368,21213,E14000787,Lewisham East
E14000788,Lewisham West and Penge,0.21,11.4,2372,0.25,9567,23162,E14000788,Lewisham West and Penge
E14000789,"Lewisham, Deptford",0.21,12.3,3177,0.29,10972,34899,E14000789,"Lewisham, Deptford"
E14000790,Leyton and Wanstead,0.31,13.2,1445,0.22,6704,22607,E14000790,Leyton and Wanstead
E14000791,Lichfield,0.10,6.9,1123,0.41,2757,18581,E14000791,Lichfield
E14000792,Lincoln,0.20,5.8,2655,0.37,7141,1538,E14000792,Lincoln
E14000793,"Liverpool, Riverside",0.37,4.4,2371,0.23,10201,35947,E14000793,"Liverpool, Riverside"
E14000794,"Liverpool, Walton",0.21,3,3327,0.30,11206,32551,E14000794,"Liverpool, Walton"
E14000795,"Liverpool, Wavertree",0.26,4.9,1929,0.24,7963,29466,E14000795,"Liverpool, Wavertree"
E14000796,"Liverpool, West Derby",0.16,4.3,2383,0.27,8868,32908,E14000796,"Liverpool, West Derby"
E14000797,Loughborough,0.17,6.2,1230,0.31,3960,4269,E14000797,Loughborough
E14000798,Louth and Horncastle,0.16,6.6,1397,0.32,4379,19641,E14000798,Louth and Horncastle
E14000799,Ludlow,0.15,7.1,861,0.35,2480,19286,E14000799,Ludlow
E14000800,Luton North,0.15,8.1,761,0.15,5030,14364,E14000800,Luton North
E14000801,Luton South,0.29,8.8,1514,0.18,8208,13925,E14000801,Luton South
E14000802,Macclesfield,0.12,7.1,1115,0.34,3241,8608,E14000802,Macclesfield
E14000803,Maidenhead,0.13,11.2,879,0.34,2603,26457,E14000803,Maidenhead
E14000804,Maidstone and The Weald,0.18,9.6,935,0.21,4476,17723,E14000804,Maidstone and The Weald
E14000805,Makerfield,0.10,4.4,1723,0.41,4164,13542,E14000805,Makerfield
E14000806,Maldon,0.10,9.9,494,0.20,2461,23430,E14000806,Maldon
E14000807,Manchester Central,0.35,6.2,5154,0.38,13717,31445,E14000807,Manchester Central
E14000808,"Manchester, Gorton",0.33,5.7,4124,0.38,10802,31730,E14000808,"Manchester, Gorton"
E14000809,"Manchester, Withington",0.32,8.2,2006,0.38,5269,29875,E14000809,"Manchester, Withington"
E14000810,Mansfield,0.14,5.6,1672,0.26,6388,1057,E14000810,Mansfield
E14000811,Meon Valley,0.10,9.1,679,0.26,2564,25692,E14000811,Meon Valley
E14000812,Meriden,0.09,9.1,2873,0.44,6597,19198,E14000812,Meriden
E14000813,Mid Bedfordshire,0.12,9.3,1076,0.39,2725,20983,E14000813,Mid Bedfordshire
E14000814,Mid Derbyshire,0.10,5.7,624,0.34,1861,11616,E14000814,Mid Derbyshire
E14000815,Mid Dorset and North Poole,0.11,10.8,978,0.39,2501,15339,E14000815,Mid Dorset and North Poole
E14000816,Mid Norfolk,0.14,8.2,964,0.28,3385,16086,E14000816,Mid Norfolk
E14000817,Mid Sussex,0.13,10.8,946,0.31,3065,19673,E14000817,Mid Sussex
E14000818,Mid Worcestershire,0.11,8.9,991,0.27,3727,23326,E14000818,Mid Worcestershire
E14000819,Middlesbrough,0.21,4.5,2927,0.28,10624,13873,E14000819,Middlesbrough
E14000820,Middlesbrough South and East Cleveland,0.12,5.3,1387,0.23,6146,1020,E14000820,Middlesbrough South and East Cleveland
E14000821,Milton Keynes North,0.19,8.4,1180,0.18,6509,1975,E14000821,Milton Keynes North
E14000822,Milton Keynes South,0.16,8.9,1257,0.17,7326,1725,E14000822,Milton Keynes South
E14000823,Mitcham and Morden,0.22,12.8,2861,0.39,7405,21375,E14000823,Mitcham and Morden
E14000824,Mole Valley,0.12,15.3,402,0.17,2326,24137,E14000824,Mole Valley
E14000825,Morecambe and Lunesdale,0.17,5.6,3489,0.61,5693,1399,E14000825,Morecambe and Lunesdale
E14000826,Morley and Outwood,0.13,5.5,780,0.22,3546,2104,E14000826,Morley and Outwood
E14000827,New Forest East,0.11,9.9,967,0.33,2907,21995,E14000827,New Forest East
E14000828,New Forest West,0.13,10.5,594,0.24,2433,23431,E14000828,New Forest West
E14000829,Newark,0.13,7.2,1115,0.33,3332,18149,E14000829,Newark
E14000830,Newbury,0.15,9,1440,0.40,3620,24380,E14000830,Newbury
E14000831,Newcastle Upon Tyne Central,0.20,5.2,4957,0.50,9964,14937,E14000831,Newcastle Upon Tyne Central
E14000832,Newcastle Upon Tyne East,0.26,5.4,3658,0.47,7762,19261,E14000832,Newcastle Upon Tyne East
E14000833,Newcastle Upon Tyne North,0.11,5.9,3198,0.55,5778,10349,E14000833,Newcastle Upon Tyne North
E14000834,Newcastle-Under-Lyme,0.11,5,800,0.20,4068,30,E14000834,Newcastle-Under-Lyme
E14000835,Newton Abbot,0.16,9,1020,0.27,3763,17160,E14000835,Newton Abbot
E14000836,"Normanton, Pontefract and Castleford",0.10,5.4,1491,0.21,7035,14499,E14000836,"Normanton, Pontefract and Castleford"
E14000837,North Cornwall,0.16,8.9,1573,0.36,4428,7200,E14000837,North Cornwall
E14000838,North Devon,0.18,9.6,1316,0.31,4221,4332,E14000838,North Devon
E14000839,North Dorset,0.13,10,1166,0.39,2958,25777,E14000839,North Dorset
E14000840,North Durham,0.11,4.1,2414,0.40,6053,12939,E14000840,North Durham
E14000841,North East Bedfordshire,0.11,9.6,1073,0.32,3349,20862,E14000841,North East Bedfordshire
E14000842,North East Cambridgeshire,0.15,7.1,1431,0.29,4984,21270,E14000842,North East Cambridgeshire
E14000843,North East Derbyshire,0.08,5.9,1080,0.30,3589,2860,E14000843,North East Derbyshire
E14000844,North East Hampshire,0.12,10.8,467,0.24,1925,27772,E14000844,North East Hampshire
E14000845,North East Hertfordshire,0.11,9.1,810,0.23,3450,16835,E14000845,North East Hertfordshire
E14000846,North East Somerset,0.10,10,1776,0.58,3062,10235,E14000846,North East Somerset
E14000847,North Herefordshire,0.15,9.5,856,0.31,2732,21602,E14000847,North Herefordshire
E14000848,North Norfolk,0.14,9.6,643,0.22,2966,3512,E14000848,North Norfolk
E14000849,North Shropshire,0.15,7.1,1383,0.37,3730,16355,E14000849,North Shropshire
E14000850,North Somerset,0.11,9.8,784,0.33,2381,17103,E14000850,North Somerset
E14000851,North Swindon,0.14,7.9,2684,0.56,4779,8335,E14000851,North Swindon
E14000852,North Thanet,0.20,9.1,2464,0.40,6134,10738,E14000852,North Thanet
E14000853,North Tyneside,0.12,5.2,2803,0.37,7481,19284,E14000853,North Tyneside
E14000854,North Warwickshire,0.11,6.3,1454,0.39,3753,8510,E14000854,North Warwickshire
E14000855,North West Cambridgeshire,0.16,7.5,2046,0.38,5399,18008,E14000855,North West Cambridgeshire
E14000856,North West Durham,0.12,4.3,2342,0.43,5437,8792,E14000856,North West Durham
E14000857,North West Hampshire,0.12,9,1117,0.31,3591,22679,E14000857,North West Hampshire
E14000858,North West Leicestershire,0.11,6.7,1401,0.43,3282,13286,E14000858,North West Leicestershire
E14000859,North West Norfolk,0.15,7.9,910,0.21,4262,13788,E14000859,North West Norfolk
E14000860,North Wiltshire,0.14,8.6,1212,0.50,2403,22877,E14000860,North Wiltshire
E14000861,Northampton North,0.15,7.6,893,0.21,4312,807,E14000861,Northampton North
E14000862,Northampton South,0.21,6.4,1316,0.22,6013,1159,E14000862,Northampton South
E14000863,Norwich North,0.13,8.1,1105,0.23,4812,507,E14000863,Norwich North
E14000864,Norwich South,0.22,7.1,1544,0.22,7056,15596,E14000864,Norwich South
E14000865,Nottingham East,0.30,5.2,2015,0.21,9624,19590,E14000865,Nottingham East
E14000866,Nottingham North,0.13,5.3,1959,0.19,10235,11160,E14000866,Nottingham North
E14000867,Nottingham South,0.27,6.2,1287,0.22,5955,15162,E14000867,Nottingham South
E14000868,Nuneaton,0.14,6.2,2148,0.43,4996,4739,E14000868,Nuneaton
E14000869,Old Bexley and Sidcup,0.10,10,415,0.17,2382,15466,E14000869,Old Bexley and Sidcup
E14000870,Oldham East and Saddleworth,0.13,5.2,3811,0.52,7353,8182,E14000870,Oldham East and Saddleworth
E14000871,Oldham West and Royton,0.11,4.7,3892,0.49,8024,17198,E14000871,Oldham West and Royton
E14000872,Orpington,0.08,10.7,652,0.23,2832,19461,E14000872,Orpington
E14000873,Oxford East,0.27,11.6,2071,0.31,6663,23284,E14000873,Oxford East
E14000874,Oxford West and Abingdon,0.18,11.2,1072,0.37,2933,816,E14000874,Oxford West and Abingdon
E14000875,Pendle,0.18,3.7,1300,0.28,4572,1279,E14000875,Pendle
E14000876,Penistone and Stocksbridge,0.08,5.5,680,0.25,2741,1322,E14000876,Penistone and Stocksbridge
E14000877,Penrith and The Border,0.15,6.9,791,0.35,2267,15910,E14000877,Penrith and The Border
E14000878,Peterborough,0.19,6.7,3435,0.41,8389,607,E14000878,Peterborough
E14000879,"Plymouth, Moor View",0.10,6.7,2237,0.35,6378,5019,E14000879,"Plymouth, Moor View"
E14000880,"Plymouth, Sutton and Devonport",0.32,6.3,4165,0.41,10272,6807,E14000880,"Plymouth, Sutton and Devonport"
E14000881,Poole,0.18,9.5,1872,0.42,4505,14209,E14000881,Poole
E14000882,Poplar and Limehouse,0.34,10.7,4810,0.32,14851,27712,E14000882,Poplar and Limehouse
E14000883,Portsmouth North,0.15,7.5,1140,0.22,5194,9965,E14000883,Portsmouth North
E14000884,Portsmouth South,0.33,7.4,1956,0.24,8187,1554,E14000884,Portsmouth South
E14000885,Preston,0.22,4.1,2934,0.35,8295,15723,E14000885,Preston
E14000886,Pudsey,0.13,6.5,612,0.22,2794,331,E14000886,Pudsey
E14000887,Putney,0.30,12.8,996,0.17,5746,1554,E14000887,Putney
E14000888,Rayleigh and Wickford,0.08,9.1,761,0.37,2077,23450,E14000888,Rayleigh and Wickford
E14000889,Reading East,0.27,9.8,1702,0.37,4596,3749,E14000889,Reading East
E14000890,Reading West,0.17,10.3,2178,0.36,6065,2876,E14000890,Reading West
E14000891,Redcar,0.11,5.2,1588,0.24,6715,9485,E14000891,Redcar
E14000892,Redditch,0.12,7.7,2074,0.47,4457,7363,E14000892,Redditch
E14000893,Reigate,0.13,10.8,700,0.21,3325,17614,E14000893,Reigate
E14000894,Ribble Valley,0.12,6,824,0.37,2247,13199,E14000894,Ribble Valley
E14000895,Richmond (Yorks),0.18,7.7,1987,0.59,3376,23108,E14000895,Richmond (Yorks)
E14000896,Richmond Park,0.24,16.7,1141,0.28,4149,45,E14000896,Richmond Park
E14000897,Rochdale,0.14,5,3051,0.35,8717,14819,E14000897,Rochdale
E14000898,Rochester and Strood,0.16,7.9,1450,0.28,5259,9850,E14000898,Rochester and Strood
E14000899,Rochford and Southend East,0.24,8.3,3683,0.41,9045,5548,E14000899,Rochford and Southend East
E14000900,Romford,0.13,9.9,1225,0.26,4785,13778,E14000900,Romford
E14000901,Romsey and Southampton North,0.16,9.9,1122,0.42,2642,18046,E14000901,Romsey and Southampton North
E14000902,Rossendale and Darwen,0.15,5.1,1759,0.38,4654,3216,E14000902,Rossendale and Darwen
E14000903,Rother Valley,0.11,5.5,1266,0.32,4006,3882,E14000903,Rother Valley
E14000904,Rotherham,0.12,4.7,2222,0.30,7310,11387,E14000904,Rotherham
E14000905,Rugby,0.14,7.5,2638,0.63,4199,8212,E14000905,Rugby
E14000906,"Ruislip, Northwood and Pinner",0.14,14.8,662,0.21,3148,13980,E14000906,"Ruislip, Northwood and Pinner"
E14000907,Runnymede and Weybridge,0.17,10.6,576,0.18,3130,18050,E14000907,Runnymede and Weybridge
E14000908,Rushcliffe,0.14,8.1,486,0.23,2157,8010,E14000908,Rushcliffe
E14000909,Rutland and Melton,0.14,8.6,1540,0.56,2745,23104,E14000909,Rutland and Melton
E14000910,Saffron Walden,0.12,11.5,970,0.37,2636,24966,E14000910,Saffron Walden
E14000911,Salford and Eccles,0.24,6,2622,0.29,9139,19132,E14000911,Salford and Eccles
E14000912,Salisbury,0.16,10,1696,0.45,3804,17333,E14000912,Salisbury
E14000913,Scarborough and Whitby,0.20,5.9,1988,0.34,5865,3435,E14000913,Scarborough and Whitby
E14000914,Scunthorpe,0.14,4.9,2511,0.48,5229,3431,E14000914,Scunthorpe
E14000915,Sedgefield,0.12,4.3,2152,0.39,5485,6059,E14000915,Sedgefield
E14000916,Sefton Central,0.07,6.7,709,0.39,1837,15618,E14000916,Sefton Central
E14000917,Selby and Ainsty,0.11,6.9,1125,0.40,2824,13772,E14000917,Selby and Ainsty
E14000918,Sevenoaks,0.11,10.8,641,0.23,2754,21917,E14000918,Sevenoaks
E14000919,Sheffield Central,0.36,5.6,1278,0.18,6969,27748,E14000919,Sheffield Central
E14000920,Sheffield South East,0.09,5.3,937,0.17,5379,11798,E14000920,Sheffield South East
E14000921,"Sheffield, Brightside and Hillsborough",0.11,4.9,1878,0.18,10502,19143,E14000921,"Sheffield, Brightside and Hillsborough"
E14000922,"Sheffield, Hallam",0.13,8.3,262,0.17,1501,2125,E14000922,"Sheffield, Hallam"
E14000923,"Sheffield, Heeley",0.11,5.9,1474,0.20,7255,13828,E14000923,"Sheffield, Heeley"
E14000924,Sherwood,0.11,5.6,1033,0.25,4088,5198,E14000924,Sherwood
E14000925,Shipley,0.14,6.4,1153,0.33,3514,4681,E14000925,Shipley
E14000926,Shrewsbury and Atcham,0.15,7.9,1341,0.34,3995,6627,E14000926,Shrewsbury and Atcham
E14000927,Sittingbourne and Sheppey,0.16,8,2436,0.37,6605,15211,E14000927,Sittingbourne and Sheppey
E14000928,Skipton and Ripon,0.17,7.9,1562,0.59,2650,19985,E14000928,Skipton and Ripon
E14000929,Sleaford and North Hykeham,0.12,6.5,896,0.29,3052,25237,E14000929,Sleaford and North Hykeham
E14000930,Slough,0.24,9.8,2377,0.27,8648,16998,E14000930,Slough
E14000931,Solihull,0.11,7.3,1024,0.37,2775,20571,E14000931,Solihull
E14000932,Somerton and Frome,0.13,9,2118,0.57,3713,22906,E14000932,Somerton and Frome
E14000933,South Basildon and East Thurrock,0.11,8.4,2075,0.39,5326,11490,E14000933,South Basildon and East Thurrock
E14000934,South Cambridgeshire,0.11,9.5,571,0.23,2487,15952,E14000934,South Cambridgeshire
E14000935,South Derbyshire,0.13,6.6,707,0.23,3010,11970,E14000935,South Derbyshire
E14000936,South Dorset,0.17,9,1904,0.37,5195,11695,E14000936,South Dorset
E14000937,South East Cambridgeshire,0.14,9.1,760,0.24,3165,16158,E14000937,South East Cambridgeshire
E14000938,South East Cornwall,0.14,7.4,1510,0.38,3950,17443,E14000938,South East Cornwall
E14000939,South Holland and The Deepings,0.12,7,1270,0.37,3413,24897,E14000939,South Holland and The Deepings
E14000940,South Leicestershire,0.10,7.5,930,0.36,2557,18631,E14000940,South Leicestershire
E14000941,South Norfolk,0.11,8.2,940,0.30,3185,16678,E14000941,South Norfolk
E14000942,South Northamptonshire,0.12,8.7,586,0.24,2395,22840,E14000942,South Northamptonshire
E14000943,South Ribble,0.09,5.8,1156,0.38,3027,7421,E14000943,South Ribble
E14000944,South Shields,0.12,4.8,2764,0.35,7914,14508,E14000944,South Shields
E14000945,South Staffordshire,0.08,6.3,946,0.34,2780,22733,E14000945,South Staffordshire
E14000946,South Suffolk,0.13,8.5,1179,0.41,2889,17749,E14000946,South Suffolk
E14000947,South Swindon,0.18,7.2,2876,0.52,5538,2464,E14000947,South Swindon
E14000948,South Thanet,0.23,9.2,3276,0.48,6881,6387,E14000948,South Thanet
E14000949,South West Bedfordshire,0.12,8.7,759,0.18,4166,14168,E14000949,South West Bedfordshire
E14000950,South West Devon,0.13,7.8,926,0.38,2469,15816,E14000950,South West Devon
E14000951,South West Hertfordshire,0.11,14.8,826,0.28,2903,19550,E14000951,South West Hertfordshire
E14000952,South West Norfolk,0.16,7.8,1069,0.28,3844,18312,E14000952,South West Norfolk
E14000953,South West Surrey,0.12,11.8,522,0.20,2633,21590,E14000953,South West Surrey
E14000954,South West Wiltshire,0.16,8.5,1950,0.46,4235,18326,E14000954,South West Wiltshire
E14000955,"Southampton, Itchen",0.21,7.8,3623,0.47,7749,31,E14000955,"Southampton, Itchen"
E14000956,"Southampton, Test",0.29,6.9,3769,0.46,8170,11503,E14000956,"Southampton, Test"
E14000957,Southend West,0.19,9.5,1678,0.42,3976,10000,E14000957,Southend West
E14000958,Southport,0.19,5.6,2141,0.43,4928,2914,E14000958,Southport
E14000959,Spelthorne,0.13,11.7,713,0.19,3721,13425,E14000959,Spelthorne
E14000960,St Albans,0.15,13.4,1262,0.35,3615,6109,E14000960,St Albans
E14000961,St Austell and Newquay,0.19,8.3,1910,0.32,5972,11142,E14000961,St Austell and Newquay
E14000962,St Helens North,0.09,5,2308,0.37,6169,18406,E14000962,St Helens North
E14000963,St Helens South and Whiston,0.11,4.3,2661,0.37,7149,24343,E14000963,St Helens South and Whiston
E14000964,St Ives,0.18,10.3,1242,0.28,4412,312,E14000964,St Ives
E14000965,Stafford,0.14,6.4,848,0.25,3415,7729,E14000965,Stafford
E14000966,Staffordshire Moorlands,0.10,5.2,546,0.28,1969,10830,E14000966,Staffordshire Moorlands
E14000967,Stalybridge and Hyde,0.12,5.8,2635,0.41,6351,8084,E14000967,Stalybridge and Hyde
E14000968,Stevenage,0.11,9.3,1250,0.24,5130,3386,E14000968,Stevenage
E14000969,Stockport,0.15,5.7,1812,0.28,6422,14477,E14000969,Stockport
E14000970,Stockton North,0.13,4.5,2400,0.32,7560,8715,E14000970,Stockton North
E14000971,Stockton South,0.13,5.2,1637,0.35,4735,888,E14000971,Stockton South
E14000972,Stoke-On-Trent Central,0.18,4.1,2008,0.31,6577,3897,E14000972,Stoke-On-Trent Central
E14000973,Stoke-On-Trent North,0.14,4.8,1919,0.29,6632,2359,E14000973,Stoke-On-Trent North
E14000974,Stoke-On-Trent South,0.10,4.8,1594,0.31,5091,663,E14000974,Stoke-On-Trent South
E14000975,Stone,0.10,7.2,530,0.29,1797,17495,E14000975,Stone
E14000976,Stourbridge,0.10,5.7,1764,0.45,3947,7654,E14000976,Stourbridge
E14000977,Stratford-On-Avon,0.13,10,1442,0.50,2866,21958,E14000977,Stratford-On-Avon
E14000978,Streatham,0.32,13.4,2839,0.31,9233,26285,E14000978,Streatham
E14000979,Stretford and Urmston,0.12,6.5,2493,0.42,5940,19705,E14000979,Stretford and Urmston
E14000980,Stroud,0.12,9.3,1382,0.40,3477,687,E14000980,Stroud
E14000981,Suffolk Coastal,0.14,9,935,0.28,3394,16012,E14000981,Suffolk Coastal
E14000982,Sunderland Central,0.19,5.2,2552,0.32,8017,9997,E14000982,Sunderland Central
E14000983,Surrey Heath,0.12,10.8,519,0.19,2693,24943,E14000983,Surrey Heath
E14000984,Sutton and Cheam,0.19,11.4,2259,0.53,4298,12698,E14000984,Sutton and Cheam
E14000985,Sutton Coldfield,0.11,8,892,0.37,2417,15339,E14000985,Sutton Coldfield
E14000986,Tamworth,0.11,7.3,1751,0.44,3943,12347,E14000986,Tamworth
E14000987,Tatton,0.12,8.9,828,0.36,2274,14787,E14000987,Tatton
E14000988,Taunton Deane,0.15,7.9,2992,0.55,5455,15887,E14000988,Taunton Deane
E14000989,Telford,0.16,6,1595,0.22,7357,720,E14000989,Telford
E14000990,Tewkesbury,0.12,8.4,1392,0.43,3261,22574,E14000990,Tewkesbury
E14000991,The Cotswolds,0.15,11.2,1152,0.44,2610,25499,E14000991,The Cotswolds
E14000992,The Wrekin,0.14,6.1,910,0.23,3983,9564,E14000992,The Wrekin
E14000993,Thirsk and Malton,0.16,8,1890,0.58,3273,19001,E14000993,Thirsk and Malton
E14000994,Thornbury and Yate,0.11,9.7,514,0.24,2167,12071,E14000994,Thornbury and Yate
E14000995,Thurrock,0.15,8.8,3045,0.42,7326,345,E14000995,Thurrock
E14000996,Tiverton and Honiton,0.15,9,1148,0.33,3502,19801,E14000996,Tiverton and Honiton
E14000997,Tonbridge and Malling,0.11,10.6,609,0.18,3446,23508,E14000997,Tonbridge and Malling
E14000998,Tooting,0.33,14.5,1342,0.21,6369,15458,E14000998,Tooting
E14000999,Torbay,0.26,6.8,2023,0.26,7694,14283,E14000999,Torbay
E14001000,Torridge and West Devon,0.16,8.7,1237,0.33,3786,20686,E14001000,Torridge and West Devon
E14001001,Totnes,0.15,9.8,921,0.24,3810,13477,E14001001,Totnes
E14001002,Tottenham,0.31,13.6,2900,0.17,17157,34584,E14001002,Tottenham
E14001003,Truro and Falmouth,0.18,9.7,1217,0.31,3949,3792,E14001003,Truro and Falmouth
E14001004,Tunbridge Wells,0.17,10.5,753,0.20,3822,16465,E14001004,Tunbridge Wells
E14001005,Twickenham,0.20,13.7,1306,0.32,4062,9762,E14001005,Twickenham
E14001006,Tynemouth,0.13,6.3,1714,0.37,4683,11666,E14001006,Tynemouth
E14001007,Uxbridge and South Ruislip,0.18,12.2,983,0.19,5178,5034,E14001007,Uxbridge and South Ruislip
E14001008,Vauxhall,0.29,15.7,3218,0.31,10489,20250,E14001008,Vauxhall
E14001009,Wakefield,0.14,5.8,1182,0.21,5603,2176,E14001009,Wakefield
E14001010,Wallasey,0.20,4.9,2636,0.38,6984,23320,E14001010,Wallasey
E14001011,Walsall North,0.12,5,2339,0.28,8309,2601,E14001011,Walsall North
E14001012,Walsall South,0.14,6.2,2373,0.31,7774,8892,E14001012,Walsall South
E14001013,Walthamstow,0.28,12.5,2168,0.23,9246,32017,E14001013,Walthamstow
E14001014,Wansbeck,0.13,5,1527,0.27,5584,10435,E14001014,Wansbeck
E14001015,Wantage,0.14,9.3,1711,0.43,3979,17380,E14001015,Wantage
E14001016,Warley,0.16,6.3,1535,0.24,6476,16483,E14001016,Warley
E14001017,Warrington North,0.10,5.4,2975,0.54,5522,9582,E14001017,Warrington North
E14001018,Warrington South,0.12,6.3,2256,0.54,4181,2549,E14001018,Warrington South
E14001019,Warwick and Leamington,0.20,8.9,920,0.25,3733,1206,E14001019,Warwick and Leamington
E14001020,Washington and Sunderland West,0.09,4.8,2278,0.34,6775,12940,E14001020,Washington and Sunderland West
E14001021,Watford,0.18,11,2001,0.34,5927,2092,E14001021,Watford
E14001022,Waveney,0.15,6.7,3812,0.57,6728,9215,E14001022,Waveney
E14001023,Wealden,0.11,10.2,924,0.31,2967,23628,E14001023,Wealden
E14001024,Weaver Vale,0.10,6.3,2333,0.51,4552,3928,E14001024,Weaver Vale
E14001025,Wellingborough,0.13,7.4,1404,0.29,4885,12460,E14001025,Wellingborough
E14001026,Wells,0.15,8.4,2631,0.57,4652,7582,E14001026,Wells
E14001027,Welwyn Hatfield,0.14,11.5,1953,0.36,5397,7369,E14001027,Welwyn Hatfield
E14001028,Wentworth and Dearne,0.12,4.5,2614,0.41,6438,14803,E14001028,Wentworth and Dearne
E14001029,West Bromwich East,0.12,5.7,1459,0.23,6420,7713,E14001029,West Bromwich East
E14001030,West Bromwich West,0.12,5.3,1635,0.24,6856,4460,E14001030,West Bromwich West
E14001031,West Dorset,0.14,10.3,1334,0.38,3525,19091,E14001031,West Dorset
E14001032,West Ham,0.33,13,2969,0.20,15161,36754,E14001032,West Ham
E14001033,West Lancashire,0.11,6.1,2023,0.46,4354,11689,E14001033,West Lancashire
E14001034,West Suffolk,0.19,8.5,1458,0.34,4229,17063,E14001034,West Suffolk
E14001035,West Worcestershire,0.12,10,852,0.27,3208,21328,E14001035,West Worcestershire
E14001036,Westminster North,0.37,17.8,1623,0.15,10550,11512,E14001036,Westminster North
E14001037,Westmorland and Lonsdale,0.15,8.4,622,0.31,2030,777,E14001037,Westmorland and Lonsdale
E14001038,Weston-Super-Mare,0.21,7.9,2986,0.43,6865,11544,E14001038,Weston-Super-Mare
E14001039,Wigan,0.12,5.4,2790,0.43,6435,16027,E14001039,Wigan
E14001040,Wimbledon,0.28,13.9,915,0.31,2980,5622,E14001040,Wimbledon
E14001041,Winchester,0.14,12,837,0.31,2718,9999,E14001041,Winchester
E14001042,Windsor,0.18,13,835,0.33,2547,22384,E14001042,Windsor
E14001043,Wirral South,0.10,6.3,961,0.40,2393,8323,E14001043,Wirral South
E14001044,Wirral West,0.10,6.2,898,0.38,2388,5365,E14001044,Wirral West
E14001045,Witham,0.11,8.3,1107,0.38,2883,18646,E14001045,Witham
E14001046,Witney,0.15,10.2,1259,0.41,3090,21241,E14001046,Witney
E14001047,Woking,0.16,10.6,575,0.17,3330,16724,E14001047,Woking
E14001048,Wokingham,0.13,11.4,918,0.39,2384,18798,E14001048,Wokingham
E14001049,Wolverhampton North East,0.10,5.8,2919,0.39,7426,4587,E14001049,Wolverhampton North East
E14001050,Wolverhampton South East,0.12,5.6,3123,0.42,7453,8514,E14001050,Wolverhampton South East
E14001051,Wolverhampton South West,0.17,5.9,2370,0.42,5664,2185,E14001051,Wolverhampton South West
E14001052,Worcester,0.18,7.1,1271,0.25,5131,2508,E14001052,Worcester
E14001053,Workington,0.09,4.9,2470,0.57,4343,3925,E14001053,Workington
E14001054,Worsley and Eccles South,0.12,5.8,2345,0.32,7389,8379,E14001054,Worsley and Eccles South
E14001055,Worthing West,0.17,10.5,1119,0.27,4198,12090,E14001055,Worthing West
E14001056,Wycombe,0.17,9.9,1123,0.25,4493,6578,E14001056,Wycombe
E14001057,Wyre and Preston North,0.10,6.7,509,0.29,1744,12246,E14001057,Wyre and Preston North
E14001058,Wyre Forest,0.13,6.5,1190,0.25,4740,13334,E14001058,Wyre Forest
E14001059,Wythenshawe and Sale East,0.14,6.7,2919,0.33,8767,14944,E14001059,Wythenshawe and Sale East
E14001060,Yeovil,0.14,6.9,2588,0.50,5217,14723,E14001060,Yeovil
E14001061,York Central,0.26,8.1,2271,0.44,5201,18575,E14001061,York Central
E14001062,York Outer,0.09,7.7,777,0.42,1852,8289,E14001062,York Outer
N06000001,Belfast East,0.16,,,,,8474,N06000001,Belfast East
N06000002,Belfast North,0.16,,,,,2081,N06000002,Belfast North
N06000003,Belfast South,0.29,,,,,1996,N06000003,Belfast South
N06000004,Belfast West,0.11,,,,,21652,N06000004,Belfast West
N06000005,East Antrim,0.13,,,,,15923,N06000005,East Antrim
N06000006,East Londonderry,0.17,,,,,8842,N06000006,East Londonderry
N06000007,Fermanagh and South Tyrone,0.18,,,,,875,N06000007,Fermanagh and South Tyrone
N06000008,Foyle,0.17,,,,,169,N06000008,Foyle
N06000009,Lagan Valley,0.12,,,,,19229,N06000009,Lagan Valley
N06000010,Mid Ulster,0.15,,,,,12890,N06000010,Mid Ulster
N06000011,Newry and Armagh,0.16,,,,,12489,N06000011,Newry and Armagh
N06000012,North Antrim,0.15,,,,,20643,N06000012,North Antrim
N06000013,North Down,0.13,,,,,1208,N06000013,North Down
N06000014,South Antrim,0.13,,,,,3208,N06000014,South Antrim
N06000015,South Down,0.16,,,,,2446,N06000015,South Down
N06000016,Strangford,0.12,,,,,18343,N06000016,Strangford
N06000017,Upper Bann,0.18,,,,,7992,N06000017,Upper Bann
N06000018,West Tyrone,0.16,,,,,10342,N06000018,West Tyrone
S14000001,Aberdeen North,0.15,,1785,0.24,7354,4139,S14000001,Aberdeen North
S14000002,Aberdeen South,0.18,,925,0.25,3706,4752,S14000002,Aberdeen South
S14000003,Airdrie and Shotts,0.06,,2139,0.36,5971,195,S14000003,Airdrie and Shotts
S14000004,Angus,0.11,,2457,0.45,5404,2645,S14000004,Angus
S14000005,Argyll and Bute,0.10,,1150,0.28,4086,1328,S14000005,Argyll and Bute
S14000006,"Ayr, Carrick and Cumnock",0.09,,2948,0.42,7094,2774,S14000006,"Ayr, Carrick and Cumnock"
S14000007,Banff and Buchan,0.08,,1454,0.35,4115,3693,S14000007,Banff and Buchan
S14000008,"Berwickshire, Roxburgh and Selkirk",0.13,,1777,0.36,4984,11060,S14000008,"Berwickshire, Roxburgh and Selkirk"
S14000009,"Caithness, Sutherland and Easter Ross",0.07,,1672,0.49,3444,2044,S14000009,"Caithness, Sutherland and Easter Ross"
S14000010,Central Ayrshire,0.08,,2454,0.39,6259,1267,S14000010,Central Ayrshire
S14000011,"Coatbridge, Chryston and Bellshill",0.06,,2179,0.35,6297,1586,S14000011,"Coatbridge, Chryston and Bellshill"
S14000012,"Cumbernauld, Kilsyth and Kirkintilloch East",0.08,,2268,0.43,5227,4264,S14000012,"Cumbernauld, Kilsyth and Kirkintilloch East"
S14000013,Dumfries and Galloway,0.12,,1965,0.34,5815,5643,S14000013,Dumfries and Galloway
S14000014,"Dumfriesshire, Clydesdale and Tweeddale",0.11,,1376,0.37,3683,9441,S14000014,"Dumfriesshire, Clydesdale and Tweeddale"
S14000015,Dundee East,0.12,,2185,0.39,5627,6645,S14000015,Dundee East
S14000016,Dundee West,0.19,,3374,0.40,8443,5262,S14000016,Dundee West
S14000017,Dunfermline and West Fife,0.09,,2297,0.43,5354,844,S14000017,Dunfermline and West Fife
S14000018,East Dunbartonshire,0.05,,506,0.28,1785,5339,S14000018,East Dunbartonshire
S14000019,"East Kilbride, Strathaven and Lesmahagow",0.08,,1959,0.41,4760,3866,S14000019,"East Kilbride, Strathaven and Lesmahagow"
S14000020,East Lothian,0.09,,3159,0.58,5471,3083,S14000020,East Lothian
S14000021,East Renfrewshire,0.05,,616,0.23,2730,4712,S14000021,East Renfrewshire
S14000022,Edinburgh East,0.23,,914,0.13,6937,3425,S14000022,Edinburgh East
S14000023,Edinburgh North and Leith,0.28,,975,0.15,6426,1625,S14000023,Edinburgh North and Leith
S14000024,Edinburgh South,0.18,,421,0.13,3264,15514,S14000024,Edinburgh South
S14000025,Edinburgh South West,0.19,,918,0.15,6227,1097,S14000025,Edinburgh South West
S14000026,Edinburgh West,0.11,,536,0.14,3879,2988,S14000026,Edinburgh West
S14000027,Na h-Eileanan An Iar,0.05,,187,0.22,857,1007,S14000027,Na h-Eileanan An Iar
S14000028,Falkirk,0.07,,2511,0.40,6265,4923,S14000028,Falkirk
S14000029,Glasgow Central,0.29,,1870,0.19,10099,2267,S14000029,Glasgow Central
S14000030,Glasgow East,0.08,,1605,0.15,10606,75,S14000030,Glasgow East
S14000031,Glasgow North,0.23,,1255,0.20,6173,1060,S14000031,Glasgow North
S14000032,Glasgow North East,0.11,,1923,0.18,10941,242,S14000032,Glasgow North East
S14000033,Glasgow North West,0.12,,1666,0.19,8839,2561,S14000033,Glasgow North West
S14000034,Glasgow South,0.15,,1294,0.20,6623,2027,S14000034,Glasgow South
S14000035,Glasgow South West,0.09,,1907,0.21,9123,60,S14000035,Glasgow South West
S14000036,Glenrothes,0.08,,3159,0.41,7614,3267,S14000036,Glenrothes
S14000037,Gordon,0.07,,561,0.24,2387,2607,S14000037,Gordon
S14000038,Inverclyde,0.09,,3528,0.53,6720,384,S14000038,Inverclyde
S14000039,"Inverness, Nairn, Badenoch and Strathspey",0.13,,2801,0.53,5255,4924,S14000039,"Inverness, Nairn, Badenoch and Strathspey"
S14000040,Kilmarnock and Loudoun,0.08,,3284,0.47,6956,6269,S14000040,Kilmarnock and Loudoun
S14000041,Kirkcaldy and Cowdenbeath,0.09,,3385,0.43,7803,259,S14000041,Kirkcaldy and Cowdenbeath
S14000042,Lanark and Hamilton East,0.07,,2589,0.43,6065,266,S14000042,Lanark and Hamilton East
S14000043,Linlithgow and East Falkirk,0.07,,2599,0.36,7241,2919,S14000043,Linlithgow and East Falkirk
S14000044,Livingston,0.09,,2093,0.31,6705,3878,S14000044,Livingston
S14000045,Midlothian,0.06,,2221,0.45,4897,885,S14000045,Midlothian
S14000046,Moray,0.10,,1415,0.35,4003,4159,S14000046,Moray
S14000047,Motherwell and Wishaw,0.06,,2700,0.36,7529,318,S14000047,Motherwell and Wishaw
S14000048,North Ayrshire and Arran,0.08,,3292,0.44,7492,3633,S14000048,North Ayrshire and Arran
S14000049,North East Fife,0.14,,1191,0.42,2851,2,S14000049,North East Fife
S14000050,Ochil and South Perthshire,0.09,,2309,0.45,5174,3359,S14000050,Ochil and South Perthshire
S14000051,Orkney and Shetland,0.08,,408,0.27,1486,4563,S14000051,Orkney and Shetland
S14000052,Paisley and Renfrewshire North,0.07,,1187,0.23,5109,2613,S14000052,Paisley and Renfrewshire North
S14000053,Paisley and Renfrewshire South,0.11,,1806,0.25,7132,2541,S14000053,Paisley and Renfrewshire South
S14000054,Perth and North Perthshire,0.14,,1546,0.35,4454,21,S14000054,Perth and North Perthshire
S14000055,"Ross, Skye and Lochaber",0.08,,1236,0.48,2549,5919,S14000055,"Ross, Skye and Lochaber"
S14000056,Rutherglen and Hamilton West,0.07,,3046,0.41,7510,265,S14000056,Rutherglen and Hamilton West
S14000057,Stirling,0.11,,1840,0.45,4066,148,S14000057,Stirling
S14000058,West Aberdeenshire and Kincardine,0.09,,488,0.27,1795,7950,S14000058,West Aberdeenshire and Kincardine
S14000059,West Dunbartonshire,0.06,,1613,0.19,8482,2288,S14000059,West Dunbartonshire
W07000041,Ynys Mon,0.14,6.1,612,0.18,3322,5259,W07000041,Ynys Mon
W07000042,Delyn,0.10,6,1453,0.45,3238,4240,W07000042,Delyn
W07000043,Alyn and Deeside,0.11,6,1803,0.50,3618,5235,W07000043,Alyn and Deeside
W07000044,Wrexham,0.13,5,1722,0.41,4214,1832,W07000044,Wrexham
W07000045,Llanelli,0.12,4.7,947,0.19,5019,12024,W07000045,Llanelli
W07000046,Gower,0.10,5.9,1153,0.37,3093,3269,W07000046,Gower
W07000047,Swansea West,0.21,4.8,2348,0.39,6076,10598,W07000047,Swansea West
W07000048,Swansea East,0.13,4.3,2644,0.37,7090,13168,W07000048,Swansea East
W07000049,Aberavon,0.11,3.7,2002,0.37,5439,16761,W07000049,Aberavon
W07000050,Cardiff Central,0.36,6.5,1839,0.34,5468,17196,W07000050,Cardiff Central
W07000051,Cardiff North,0.13,7.8,888,0.29,3083,4174,W07000051,Cardiff North
W07000052,Rhondda,0.16,3,1124,0.21,5287,13746,W07000052,Rhondda
W07000053,Torfaen,0.09,5.3,2723,0.44,6226,10240,W07000053,Torfaen
W07000054,Monmouth,0.11,7.4,857,0.29,2962,8206,W07000054,Monmouth
W07000055,Newport East,0.13,6,1916,0.36,5274,8003,W07000055,Newport East
W07000056,Newport West,0.13,6.4,2296,0.38,5970,5658,W07000056,Newport West
W07000057,Arfon,0.16,6,585,0.20,2997,92,W07000057,Arfon
W07000058,Aberconwy,0.16,6.5,814,0.30,2670,635,W07000058,Aberconwy
W07000059,Clwyd West,0.16,5.2,1166,0.31,3820,3437,W07000059,Clwyd West
W07000060,Vale Of Clwyd,0.17,5.7,1563,0.31,5092,2379,W07000060,Vale Of Clwyd
W07000061,Dwyfor Meirionnydd,0.15,6.3,420,0.20,2086,4850,W07000061,Dwyfor Meirionnydd
W07000062,Clwyd South,0.11,5.2,1545,0.41,3729,4356,W07000062,Clwyd South
W07000063,Montgomeryshire,0.15,6.4,576,0.25,2267,9285,W07000063,Montgomeryshire
W07000064,Ceredigion,0.20,6.9,540,0.17,3163,104,W07000064,Ceredigion
W07000065,Preseli Pembrokeshire,0.13,6.4,1047,0.26,4055,314,W07000065,Preseli Pembrokeshire
W07000066,Carmarthen West and South Pembrokeshire,0.15,6.3,903,0.24,3735,3110,W07000066,Carmarthen West and South Pembrokeshire
W07000067,Carmarthen East and Dinefwr,0.10,5.1,481,0.18,2729,3908,W07000067,Carmarthen East and Dinefwr
W07000068,Brecon and Radnorshire,0.15,6.8,592,0.25,2382,8038,W07000068,Brecon and Radnorshire
W07000069,Neath,0.09,4.6,1699,0.34,4938,12631,W07000069,Neath
W07000070,Cynon Valley,0.14,3.7,994,0.19,5153,13238,W07000070,Cynon Valley
W07000071,Merthyr Tydfil and Rhymney,0.11,3.5,1567,0.28,5630,16334,W07000071,Merthyr Tydfil and Rhymney
W07000072,Blaenau Gwent,0.13,3.6,1486,0.28,5235,11907,W07000072,Blaenau Gwent
W07000073,Bridgend,0.12,5.6,1388,0.30,4595,4700,W07000073,Bridgend
W07000074,Ogmore,0.12,5,1315,0.27,4810,13871,W07000074,Ogmore
W07000075,Pontypridd,0.12,4.8,739,0.21,3546,11448,W07000075,Pontypridd
W07000076,Caerphilly,0.11,5.1,1155,0.23,5117,12078,W07000076,Caerphilly
W07000077,Islwyn,0.10,4.1,961,0.25,3920,11412,W07000077,Islwyn
W07000078,Vale Of Glamorgan,0.14,7.1,1088,0.20,5388,2190,W07000078,Vale Of Glamorgan
W07000079,Cardiff West,0.16,6.8,2088,0.28,7501,12551,W07000079,Cardiff West
W07000080,Cardiff South and Penarth,0.21,6.1,2583,0.28,9193,14864,W07000080,Cardiff South and Penarth